Symbol,Open,High,Low,Close,Volume,High_52W,Low_52W,SMA_10,SMA_20,SMA_50,SMA_200
DCMSHRIRAM,971.6999748130738,1005.5705101210436,966.9252927901427,993.2855834960938,233167,1289.1199386331916,897.8413886131767,1013.8864074707031,1030.028353881836,1024.9795947265625,1064.7171391078405
FIVESTAR,658.218702376298,689.609904684933,658.218702376298,680.93994140625,1501251,847.0641819873257,592.9449497663902,737.6583740234375,738.8068908691406,712.7397326660156,707.0881587437221
CREDITACC,1095.0,1144.0999755859375,1087.5999755859375,1137.0,455723,1187.9000244140625,750.2000122070312,1130.560009765625,1093.387503051758,1000.0680004882812,969.5651779174805
INDUSINDBK,827.0,842.0,816.0999755859375,833.7999877929688,9432595,1086.550048828125,606.0,831.1,782.557504272461,809.3260021972657,907.7526806422642
TBOTEK,1060.5,1122.699951171875,1054.0999755859375,1117.300048828125,162874,1845.550048828125,996.0,1076.030029296875,1074.9675048828126,1205.46,1445.1299122401647
RAMCOCEM,918.4153086719572,956.2000880317236,918.4153086719572,947.3653564453124,597512,1058.174161875729,786.842302621666,956.8589538574219,954.3058624267578,896.253525390625,923.11877986363
CESC,154.31723196734015,159.6385158282829,154.31723196734015,159.27085876464844,4058165,191.41943633872768,115.13322854629617,154.7458297729492,152.33528823852538,143.5407553100586,150.27937514441354
MEDANTA,1187.0727501345052,1214.0630358217738,1175.57688771215,1210.46435546875,107774,1298.33272503313,996.0914527560648,1208.9048461914062,1230.846942138672,1216.6000708007812,1146.3927045549665
ESCORTS,3180.7994653406586,3206.2626691382475,3139.6209446672497,3186.866943359375,82880,3644.7409905762975,2810.092349166356,3282.144580078125,3237.1017211914063,3125.9911083984375,3255.585939679827
SAMMAANCAP,113.0,116.5,112.31999969482422,115.87000274658205,4155598,170.25,97.61000061035156,121.5980010986328,117.44450035095215,114.88779983520507,135.71901716504777
NUVOCO,344.0,345.04998779296875,337.0,342.75,208616,385.6499938964844,287.5,334.31499633789065,326.0324981689453,316.8969982910156,335.7870526994978
BASF,4188.454317861673,4351.705426688169,4188.354616439402,4343.4384765625,14614,6200.358594389983,4048.958797001571,4427.583935546875,4445.131689453125,4459.76998046875,4832.978511265346
NH,1771.8270946234522,1830.4889863345184,1760.8529403211674,1817.51953125,355712,1867.2024031797832,1235.190883261907,1783.3798706054688,1761.3492370605468,1643.071318359375,1457.480365208217
GODREJAGRO,680.6558631700578,694.077500052325,670.4909408012298,687.6134033203125,326056,800.6118984817258,646.4108728187389,730.2172729492188,735.4995880126953,736.374462890625,733.912463596889
PAGEIND,44540.029568669095,46622.35632584951,44540.029568669095,45850.7578125,31679,49139.81489025204,38431.54282002408,44966.8828125,44166.3736328125,42239.72890625,44051.52629743303
CAMPUS,236.73888706678957,241.75336058802557,236.73888706678957,240.77442932128903,139380,336.3491857489296,209.76863076432875,243.6133071899414,241.29186630249023,248.0592041015625,268.8997906276158
LEMONTREE,130.0,137.0,129.6999969482422,135.67999267578125,2425459,162.39999389648438,117.51000213623048,139.50899810791014,140.089998626709,134.58900009155275,138.36232164927893
SUNDARMFIN,5007.598338064137,5322.814104571158,4979.213979942652,5246.62451171875,135405,5361.357585625672,3897.398034972494,5204.147607421875,5047.3763427734375,4776.63044921875,4555.097808837891
PTCIL,12021.0,12489.0,11999.0,12390.0,10712,17995.0,9756.2998046875,13234.2,13552.52998046875,12765.396015625,13310.297781808036
GMRAIRPORT,84.5,87.56999969482422,84.5,87.0199966430664,7743072,90.19000244140624,67.75,87.57999954223632,86.36549949645996,78.85559967041016,78.0567854472569
BALKRISIND,2691.2765210094917,2762.044681952833,2642.704542264465,2759.75537109375,253173,2910.071188737346,2142.0028633111506,2626.65966796875,2515.1253051757812,2550.6870068359376,2659.095960344587
BIOCON,335.651216079907,348.3841911685797,335.651216079907,346.0373229980469,5299681,404.1596339212172,290.61144213644866,327.3423278808594,325.22765045166017,329.0240771484375,349.58259201049805
MAHSEAMLES,626.7173490216921,635.3888977969007,618.0458002464836,632.3341674804688,128929,802.4149835129148,571.7318074099492,656.1218444824219,661.7977783203125,658.2483471679687,662.3195130484445
SBICARD,862.2000122070312,915.8499755859376,862.2000122070312,914.6500244140624,1590048,930.6500244140624,661.0748318097311,891.2450073242187,881.0200042724609,861.3829455566406,793.8039948599679
FSL,314.0,318.5,307.0,313.8500061035156,2255904,417.6676222027154,270.0,341.0350036621094,334.55749969482423,335.04467041015624,349.8694289071219
CHAMBLFERT,697.7884427091284,699.7485226043788,676.3255439293804,695.5343627929688,3472518,727.3856664636679,443.3210692627492,681.0787658691406,660.0079071044922,604.2524499511719,545.2132903507778
LALPATHLAB,2738.863669593678,2843.2107977893734,2737.8698874203856,2834.56494140625,133685,3180.3033550878404,2279.2893119943133,2785.502099609375,2715.117468261719,2576.8664208984374,2750.273406982422
CANFINHOME,689.7914061205149,716.0431918934543,689.7914061205149,712.71826171875,208281,860.8688383995516,554.3143886333596,713.2343872070312,695.8357574462891,652.2707165527344,689.6548500061035
APLAPOLLO,1599.4176713917102,1671.167249173768,1599.2184156672788,1657.2159423828125,1146154,1671.167249173768,1268.273373337516,1613.9270141601562,1572.4866455078125,1505.6917724609375,1508.7701841081891
KPIL,892.0261995027276,976.2676301098076,885.5766218644987,965.898681640625,203584,1342.355503471496,780.2004397621,956.1200927734375,938.1381805419921,925.8418151855469,1052.8235397338867
AKUMS,498.0,515.3499755859375,498.0,512.2000122070312,139537,705.7000122070312,405.0,519.9649993896485,492.42250061035156,491.54600219726564,550.664287022182
PETRONET,294.38035376698724,299.01321312623764,292.06392408736207,295.8763732910156,2292359,337.3309430259406,260.21294625101393,300.3451843261719,292.2449020385742,286.1763262939453,301.43308857509066
HEROMOTOCO,3763.0987782364914,3836.784634874488,3756.794206327958,3810.3837890625,448141,4718.424905381831,3294.189009109812,3805.251318359375,3732.227978515625,3669.7266015625,3935.1590314592636
PGEL,782.6050405400222,856.622401540306,780.0561762843496,845.327392578125,2551796,1053.7354579475011,596.7869142657677,863.5193603515625,885.9219940185546,871.4198852539063,856.5063874380929
FINPIPE,166.2196408219619,177.32325141428038,166.2196408219619,176.14306640625,1940919,273.9511510698855,151.37878141907683,172.51300811767578,172.37236709594725,174.04606872558594,204.35483019692558
KARURVYSYA,171.2818934524037,176.67776510907854,170.55583900839846,175.91871643066406,1744281,202.96409079866305,153.08937313269632,178.79486236572265,178.01477127075196,173.13133850097657,181.0132944924491
HDFCAMC,4222.754025586538,4358.015457471516,4220.790867043726,4347.80712890625,333947,4539.804185243379,3497.4158867437145,4351.605859375,4173.927734375,3945.5893310546876,3989.8028150285995
TRIVENI,398.1511722973325,419.00198181913794,398.1511722973325,415.4275512695313,265546,532.1921103038593,310.87565771301007,414.7970764160156,399.1515258789062,382.9161932373047,399.586451121739
APLLTD,861.2249741970898,893.0709262766615,861.2249741970898,886.988525390625,69176,1111.5913747847176,717.2260087371483,873.1672302246094,857.6819061279297,841.7089880371094,927.4962479727609
MRF,131297.3699437402,141281.9608139866,131297.3699437402,140203.625,27052,141281.9608139866,101966.68068079263,132856.46328125,126096.023828125,115828.61078125,118627.49072265625
OLAELEC,47.0,48.25,46.400001525878906,47.9900016784668,22184842,102.5,45.34999847412109,49.679999923706056,50.395000267028806,53.1489998626709,68.33741085869926
ALKEM,4969.82566661596,5046.699225541116,4966.8305928916025,5024.7353515625,35691,5696.544137485727,4484.274290497364,5077.029541015625,4981.414306640625,4857.409765625,5077.457772391183
GRAVITA,1822.9054788734504,1942.0072857216608,1819.4171414343816,1899.349853515625,425901,2466.603566854067,1375.052851923283,1867.4764892578125,1839.7591735839844,1754.3048559570314,1958.2779148646764
TATACOMM,1498.23429068858,1529.4681046510482,1498.23429068858,1520.89599609375,312215,1834.4158607229397,1272.0114027814873,1551.9524169921874,1551.7553466796876,1502.636591796875,1594.219739641462
TRIDENT,25.85383316696089,27.42968623094535,25.85383316696089,27.065269470214844,17040872,39.593297365759504,22.761223204098677,27.29475326538086,26.781616497039796,25.929474029541016,29.28711656161717
MANKIND,2334.0798846946386,2441.537523925762,2329.0818549629585,2431.44140625,315259,3053.5964301796143,2131.15989647091,2487.19951171875,2470.226208496094,2377.5797412109373,2523.6520342145645
POONAWALLA,373.4500122070313,387.7000122070313,371.0,383.25,3153446,416.75,267.20001220703125,384.3049987792969,378.4874969482422,334.7719995117188,329.7562503814697
NAVINFLUOR,4538.611005916912,4688.235544573514,4491.528956262684,4655.81689453125,177812,4692.723929876512,3172.0401913620794,4492.396875,4294.084497070313,4157.761572265625,3879.5486123221262
AAVAS,1740.0,1798.5,1734.0,1789.699951171875,151266,2234.0,1622.050048828125,1941.1499755859375,2002.2275024414062,1906.6410034179687,1780.4433037894112
KAJARIACER,757.3515604614324,842.7120662129857,757.3515604614324,821.1243896484375,2376838,1231.3398985911783,751.3110042783517,802.1213012695313,797.2962463378906,837.1458349609375,970.024735042027
COROMANDEL,2258.6211767779823,2326.164679498433,2236.5052271837185,2305.244140625,835179,2329.1532860014318,1589.9608702200394,2233.32724609375,2159.1191162109376,1956.446923828125,1879.1800013950892
LUPIN,2012.5826918550515,2062.0748018035606,2012.5826918550515,2058.596435546875,687550,2388.0473251603485,1784.1036108597868,2061.7766723632812,2010.088134765625,1995.7989916992187,2067.151689801897
CHALET,787.677338648074,827.0836934840426,784.131279450451,809.852783203125,115594,1051.28527305968,633.3483540596309,812.0953186035156,815.8636474609375,793.9474230957031,833.4124183654785
MARICO,700.027606939383,730.2268177055091,700.027606939383,729.088134765625,3995818,730.2268177055091,572.1512228442679,708.4289245605469,699.4186737060547,649.2899609375,642.8701444353376
JYOTICNC,1095.0999755859375,1179.800048828125,1095.0999755859375,1168.5999755859375,426202,1504.300048828125,750.0999755859375,1113.989990234375,1072.5074890136718,1008.7099963378906,1131.7232137407575
UTIAMC,954.67034690037,981.75593718504,928.5520991258664,978.5636596679688,267922,1357.8102563520576,875.4449560110853,1020.8945861816406,1010.7374938964844,976.5090405273437,1087.2195559910365
FLUOROCHEM,3808.092167890076,3944.884021302889,3795.6020335774406,3905.614990234375,87410,4531.171201493764,3218.058378917786,3914.3082763671873,3882.0637329101564,3836.294892578125,3899.5364619663783
SUNTV,592.7858743915649,599.2848316983305,577.4246697932309,588.0101318359375,393467,764.4036761601984,538.5393264879209,621.9426208496094,634.4113037109375,606.7788073730469,638.7022002083914
COLPAL,2550.417489356375,2590.3473274599223,2518.12133542362,2578.603271484375,438715,3048.5612322262546,2262.198744166999,2586.951318359375,2521.2114990234377,2433.797099609375,2581.4466443743027
METROPOLIS,1668.0445719349866,1699.080255730041,1621.7404685179793,1692.0947265625,43867,2244.849708880305,1312.2814917999433,1716.5640502929687,1665.9164611816407,1633.731640625,1818.4370367867607
INOXWIND,161.25,169.5,160.27000427246094,168.0500030517578,5180445,213.8300018310547,130.32000732421875,171.63899993896484,163.69350051879883,163.0781997680664,171.06544617244177
LTFOODS,330.6037695034277,351.4158681925132,328.6121805305155,349.5238647460937,725652,449.0951163412323,287.0377618217449,349.9620086669922,348.94630279541013,354.5854870605469,379.268342426845
SYNGENE,609.1185133715343,622.5424878172868,609.1185133715343,619.9974365234375,664293,958.7403573186608,609.1185133715343,639.5046020507813,676.4703918457031,687.23001953125,766.2819835117886
MAPMYINDIA,1816.452971401158,1866.3555255605304,1805.07516468634,1852.8818359375,64971,1942.856216295213,1510.0513632207358,1819.0379516601563,1781.8530883789062,1704.5525366210939,1685.4775292532784
AGARWALEYE,342.0,371.7000122070313,330.0,359.54998779296875,1235223,464.0,330.0,370.3649963378906,391.4849975585938,410.00099853515627,410.85999857584636
ACE,1152.441729194108,1181.6792887613665,1137.5734206498353,1173.9957275390625,147736,1596.5943578801464,915.4971919049376,1195.49990234375,1212.5834716796876,1189.967705078125,1273.9419577462334
NYKAA,190.6499938964844,196.77999877929688,190.0200042724609,195.63999938964844,5237367,200.6999969482422,154.89999389648438,194.30700073242187,188.50199966430665,176.15599884033202,172.4553565979004
AADHARHFC,444.9500122070313,459.1499938964844,444.5499877929688,454.5499877929688,460979,491.2999877929688,346.04998779296875,468.2449981689453,466.4725006103516,431.3900000000001,420.3513396126883
ATGL,613.4219875022638,635.7136884539597,611.27276205326,625.2175903320312,1269091,861.679669518305,532.4020332032183,619.9845092773437,609.350961303711,600.4997521972656,642.4513331821987
AFFLE,1504.9000244140625,1545.0,1500.300048828125,1535.699951171875,109833,1884.0,1246.0,1586.7800048828126,1550.775,1519.431005859375,1595.4915204729352
PIIND,3542.5065660399,3678.8718738970088,3542.5065660399,3649.14501953125,141319,4249.087338992653,2943.8757266078733,3640.466162109375,3565.7769775390625,3391.50015625,3559.045612880162
JUBLFOOD,690.7956373762377,711.4596231078158,690.7956373762377,705.76953125,1204483,795.3633603262236,574.049149704324,707.5514282226562,698.245150756836,667.5292028808594,680.0492008754185
ABBOTINDIA,29691.47052548041,30164.877130769582,29222.995238996333,29928.173828125,10766,31460.777726523964,24977.130415708973,29768.8919921875,29701.6384765625,29815.3686328125,28742.55508858817
CEATLTD,3517.812137991428,3615.886877969224,3458.372901641249,3597.064453125,370687,3615.886877969224,2321.151776472338,3227.768408203125,3035.626171875,2816.6767822265624,2913.761755807059
JKCEMENT,4990.985245269325,5087.752298795434,4988.491249044426,5036.3759765625,29368,5310.216721927574,3971.539596568211,5132.95341796875,5053.489672851562,4771.84068359375,4685.638968331473
MPHASIS,2294.158701166157,2360.3363560074886,2284.452740865897,2355.14013671875,435576,3174.5174545010827,2004.4965700463556,2418.8765869140625,2306.0975952148438,2327.8710107421875,2622.391917637416
FEDERALBNK,182.04795241464896,190.5067561519634,182.04795241464896,190.0196990966797,9698741,215.694282422389,171.62108444662016,194.58009338378906,193.81025390625,187.2965866088867,192.29228387560164
ANANDRATHI,1662.818281492625,1714.5018144499568,1659.7371720625724,1687.8648681640625,50248,2308.8622306400825,1584.298977932831,1720.9324096679688,1738.8253356933594,1804.2134399414062,1891.967784336635
360ONE,897.4355888741651,937.0839107218223,885.7450476665471,927.4330444335938,1357495,1303.33379364033,781.7036324713507,965.3504150390625,931.1164764404297,929.9738317871094,1035.7712849208287
KEC,672.7557399904115,723.4360099158339,671.3644926334141,720.35546875,1092651,1305.016918729457,623.516411503891,711.0740112304687,700.3367523193359,722.2375769042969,881.0505916050503
ATHERENERG,289.8999938964844,329.75,288.1499938964844,309.95001220703125,9677723,333.0,288.1499938964844,306.125,306.125,306.125,306.125
ZEEL,102.35183203946129,107.64082772548608,102.35183203946129,107.36658477783205,8938619,141.3140934881597,87.48387892911899,106.69860229492187,106.56735763549804,101.61979644775391,111.11059243338448
DOMS,2669.258105158994,2739.6725846402696,2652.378703360135,2694.8271484375,97829,3111.221493029828,2089.7621246255326,2791.85927734375,2764.6698486328123,2733.27546875,2716.1820395333425
JYOTHYLAB,360.5168376561389,370.8102430403632,357.2011654349496,369.3751220703125,189769,428.760181493532,297.02431688277875,373.7052734375,367.8212005615234,345.36176696777346,370.58622877938404
AUBANK,664.2308390123479,687.6519676027225,662.6328341324842,686.7530517578125,2398908,712.1217492543822,488.84713286028926,680.4708068847656,626.5373107910157,571.8637420654297,575.2615375518799
AUROPHARMA,1182.9594927769506,1212.4487730408866,1182.0628341931076,1192.6231689453125,878978,1351.1282105945957,1006.2228922021168,1222.1124755859375,1172.2222473144532,1141.9473999023437,1183.1289095197405
POLYMED,2695.26702838264,2932.4506243653755,2662.624398670315,2830.22998046875,852465,3089.574650830981,1931.1088780509776,2590.1116455078127,2399.6960205078126,2280.8147778320313,2447.801974705287
HAPPSTMNDS,575.6857167830526,588.3468338748215,573.5095731329903,585.033203125,185227,779.1046439299583,513.6659991611727,584.9095886230468,573.5195129394531,622.1590258789063,671.0309044974191
BLS,334.0868299221314,347.3505635333433,330.59637050503454,341.8157043457031,3815956,520.3776263802743,307.4097311262828,361.3523010253906,368.4703399658203,366.2150048828125,408.3561398642404
KIMS,656.5999755859375,656.5999755859375,632.5,643.75,440134,708.0,474.0499877929688,666.7849914550782,645.0374969482422,597.3639978027344,604.1749992370605
AKZOINDIA,3238.9452100028543,3314.832900003308,3230.492246399979,3301.2509765625,7450,3759.140707278296,2870.240080413193,3323.3903076171873,3309.295556640625,3203.6475439453125,3337.562240600586
RAINBOW,1330.3499314940784,1367.176596873957,1323.1642941735497,1358.39404296875,87582,1706.201165449826,1215.5785656185003,1380.5698974609375,1430.1211791992187,1353.9998217773436,1437.244136265346
PCBL,351.617265417534,360.51957861142097,347.977628741583,358.7489624023437,1522841,482.79885366727785,325.598861029985,370.61708068847656,390.6202590942383,388.478779296875,398.6736534663609
INOXINDIA,953.5412803057204,993.725593480642,949.9970859892036,990.7804565429688,59351,1223.0008443869622,882.7570423474489,1000.4945434570312,1000.0927062988281,986.3616540527344,1024.355904170445
GLAND,1387.078232904657,1407.5871269708691,1374.297273569882,1390.9422607421875,70873,1945.8726212833035,1266.0061416499243,1412.6995361328125,1416.548681640625,1501.9966650390625,1595.0466297694616
NTPCGREEN,95.8499984741211,99.8000030517578,95.6999969482422,99.27999877929688,7581387,155.35000610351562,84.55000305175781,102.43299942016601,101.57050018310547,99.33560012817382,112.66770648081368
VIJAYA,978.529171486588,1009.6664709208744,978.529171486588,1004.3771362304688,168517,1272.4372230847669,738.5125620632354,1027.2310668945313,1016.1109558105469,1006.5856420898438,1051.863140651158
TRITURBINE,501.1117922753326,516.9007604724549,493.142615383408,515.008056640625,885193,878.5381271011275,458.52653460527085,515.4214965820313,508.0350570678711,528.2797521972657,624.4236172267368
SHYAMMETL,870.3493961415309,879.3615831102935,848.4412877718355,872.8887329101562,330106,920.1404994753876,623.8286517798159,875.1392517089844,869.7817199707031,824.23875,799.0924927847726
GODREJIND,1114.5,1129.4000244140625,1055.699951171875,1121.0,114151,1265.0,766.0,1110.5199951171876,1112.9724914550782,1112.7919921875,1052.0924066816058
PVRINOX,925.0,940.0,915.0,935.9000244140624,183916,1620.0,830.0,964.3199951171875,943.0200012207031,948.8640002441406,1124.2767802647181
CAPLIPOINT,1805.0657285549496,1872.0824848096004,1805.0657285549496,1857.422607421875,75646,2633.8005058865483,1594.6408598843104,1869.0707397460938,1876.37080078125,1911.38708984375,2101.7034977504186
EMCURE,997.936421800814,1032.9639658423405,997.936421800814,1014.003173828125,61757,1488.8213198088338,887.1654715183055,1033.8920532226562,1011.1166564941407,996.3626794433594,1177.9302994864327
WHIRLPOOL,1176.4632572798296,1254.1636248224434,1176.4632572798296,1232.7462158203125,344188,1973.489752920824,895.5466107079515,1204.4155151367188,1143.2563537597657,1040.639072265625,1366.441866193499
3MINDIA,29105.04307097148,29365.567861169337,28810.1093462192,29021.478515625,4658,32245.299241495068,25283.83310935786,29392.6029296875,29075.36953125,27918.987265625,28845.38014439174
DALBHARAT,1937.2931286461503,1978.4147315733069,1926.7389525749195,1965.7696533203125,685326,2010.375971864704,1594.0825616631375,1943.954248046875,1891.5267456054687,1791.3673876953126,1804.2423945835658
IPCALAB,1368.1014926414705,1378.1874719661153,1344.5342212360515,1362.50927734375,389521,1753.4666317784045,1166.5810746222649,1403.6421264648438,1387.5869079589843,1391.2742822265625,1477.756107875279
ERIS,1429.800048828125,1476.0,1404.0,1466.9000244140625,95642,1584.901882868353,1097.199951171875,1476.05,1418.460009765625,1343.4710009765624,1340.6022382463727
PFIZER,4081.558703896303,4178.738673036692,4053.1819631026815,4155.02685546875,17852,5387.657297581053,3596.63048496886,4150.430078125,4071.276953125,4006.087685546875,4426.6529410226
TIMKEN,2540.703395331639,2735.685307634067,2538.921786383692,2676.10205078125,321576,3456.6232139537337,2179.442318317679,2565.2690185546876,2509.7363159179686,2553.5265869140626,2794.113516671317
TATAELXSI,5526.483155738483,5710.402616637993,5512.639755455725,5693.5927734375,132215,7390.397943237632,4647.427228999985,5686.572216796875,5306.652392578125,5388.155908203125,6027.942596435547
JUBLINGREA,677.924834587536,695.8699037383825,668.7528981851021,690.2371215820312,223899,879.1429555327065,533.5667384187446,679.1211486816406,661.1686004638672,662.2138977050781,708.6549312046596
MOTILALOFS,651.6500244140625,690.0,649.0499877929688,681.0,2308518,1026.9866963004265,513.0,690.2050048828125,658.2924987792969,626.7669970703125,742.3468366350446
INDUSTOWER,379.8999938964844,385.75,376.75,383.8500061035156,8336824,421.5,312.75,395.0300048828125,387.7250030517578,357.3580010986328,351.8183035169329
IIFL,337.0,370.3999938964844,337.0,367.7999877929688,3764971,454.3999938964844,279.79998779296875,363.7000030517578,350.06250152587893,331.43300170898436,367.8848223005022
INTELLECT,775.4412552076324,823.7571860684269,769.9237045658803,809.292236328125,799136,1072.6937871097978,574.0254159893078,787.6047546386719,742.4676086425782,706.6427233886719,780.1595093863351
UPL,668.9780035325499,682.7519791181697,668.185270224974,681.7610473632812,1328953,686.5175149818724,488.5293634532693,671.5693115234375,654.7383361816406,640.3817163085937,591.6821934836252
SIGNATURE,1133.5999755859375,1142.5,1110.5999755859375,1140.199951171875,262042,1414.800048828125,1010.7999877929688,1148.7099853515624,1128.3125,1105.607996826172,1190.090624673026
EIHOTEL,353.5949782388151,371.9221484963411,344.82981910597954,368.83441162109375,698250,440.0016527435576,303.7928631068031,373.4759765625,369.456950378418,355.4316802978516,375.0739176613944
CONCOR,531.2009919688677,541.41335831092,528.9843655501661,537.9300537109375,620272,852.0475858002392,475.98305598475406,543.816064453125,544.8590789794922,537.3427014160156,616.0965216500418
UBL,2120.079661479527,2187.7311945534866,2100.182151751892,2170.619384765625,129326,2287.915053435736,1814.70274307408,2152.5126220703123,2108.2605590820312,2007.957216796875,2010.4910321916852
GLAXO,2764.9510315830007,2827.041409973512,2760.903702327649,2813.81396484375,97133,3107.48509670514,1896.276650596801,2835.27421875,2789.9921020507813,2716.8097509765626,2415.9446847098216
AARTIIND,423.870004240309,459.425211449885,423.870004240309,457.2310791015625,3764138,476.4797495305313,343.2848406758437,434.7609588623047,411.46057586669923,402.5667840576172,418.9781232561384
YESBANK,17.8700008392334,18.3799991607666,17.729999542236328,18.270000457763672,140782313,22.020000457763672,16.020000457763672,18.006999969482422,17.829000091552736,17.364000091552736,18.50375006880079
RBLBANK,195.2898610975178,201.95562460529476,194.2835259600216,200.7001800537109,6047936,208.09329928016652,145.5706543744966,198.54102935791013,188.27685546875,173.15414794921875,166.68921457018172
IDFCFIRSTB,63.841044262750906,67.08044135827136,63.74136822461442,66.74154663085938,58300609,68.85463411499848,52.28885464387413,66.4076416015625,63.77675323486328,59.74445137023926,61.4603533744812
EIDPARRY,835.0,852.5,826.0999755859375,846.7999877929688,145372,997.0,639.0,839.775,820.8774963378906,762.9269982910156,817.5540193830218
CUMMINSIND,2734.2077978009056,2835.749935219236,2734.009715172891,2816.927490234375,681942,3633.01252326826,2555.8898632002074,2866.6781494140623,2840.9161865234373,2858.060478515625,2996.0218549455917
LAURUSLABS,601.1824821709286,614.652961024551,601.1824821709286,609.3645629882812,1745190,659.454788043518,485.7853743485281,621.6426147460937,613.0190185546875,590.2294641113281,583.7202821459089
NATCOPHARM,823.2690871273566,823.2690871273566,802.8529306068588,809.8740844726562,667922,1496.261800812013,723.8274358360942,856.2237182617188,825.5795654296875,814.43333984375,1083.4105290004186
ITCHOTELS,189.0,194.50999450683597,189.0,191.5399932861328,4519982,213.3000030517578,155.10000610351562,196.09499969482422,197.67799911499023,185.78459991455077,182.0643075796274
BERGEPAINT,530.4399911697171,548.1709666232458,529.2976336040986,537.740966796875,506567,591.8776511195126,434.8316579245351,552.1443420410156,542.8939178466796,513.9675573730469,488.12976728166853
ABCAPITAL,188.92999267578125,201.6499938964844,188.41000366210935,200.75,7202675,208.8000030517578,149.00999450683594,199.13600158691406,195.0605010986328,178.29720092773437,179.60642882755823
ALOKINDS,15.899999618530272,16.780000686645508,15.869999885559082,16.299999237060547,10851987,24.559999465942383,14.010000228881836,17.10900001525879,16.59799995422363,16.326399936676026,18.52714283977236
GODIGIT,278.54998779296875,293.29998779296875,278.54998779296875,290.6000061035156,417221,366.0,264.6000061035156,293.8800048828125,291.2175018310547,296.0810009765625,307.1424105507987
PATANJALI,611.7275459980574,613.0886089222104,588.7549970030338,608.5405883789062,2047137,667.5986172824748,521.1983305700716,633.3523071289062,631.8368377685547,607.6575415039063,605.3537924630301
DEEPAKNTR,1909.099493940393,1986.7780335999391,1909.099493940393,1978.2135009765625,207145,2766.551052117282,1774.6558662628224,1974.190087890625,1944.8490112304687,1951.663310546875,2231.848187037877
GUJGASLTD,442.50039872431626,454.9346266472132,439.7372503485874,452.1714782714844,197411,517.3524447351647,355.5101857339182,451.3671905517578,434.38854827880857,407.5158245849609,446.4534963880266
BLUESTARCO,1662.016303012038,1684.2097429583305,1628.975069415116,1669.679443359375,1019049,2405.445216966216,1628.975069415116,1735.901416015625,1864.5111083984375,1974.1708374023438,1974.3547919137138
GSPL,309.8994811136968,318.849297410065,308.62091877769853,317.3740539550781,270770,388.2840866544136,257.1349610171771,317.0593292236328,308.52258758544923,290.77442321777346,321.0964044843401
CUB,174.95169723818188,180.54895651005248,174.7634681982353,179.73660278320312,1935727,186.14620904560417,141.57613306646616,177.17672119140624,172.42746505737304,160.65557434082032,167.32275635855538
BHEL,213.05230694734072,225.72567298034863,212.95251054892003,224.6778717041016,16036419,256.01203015962494,175.63094183264417,226.35735015869142,222.37771606445312,208.77470062255858,216.3212480545044
VOLTAS,1195.8247333784195,1248.8289052528055,1195.8247333784195,1237.0943603515625,2149507,1849.0782493345343,1128.69940828697,1239.9782592773438,1265.8960815429687,1330.08029296875,1472.3747351510185
IRB,42.51260706663038,45.15406796680355,42.51260706663038,44.974647521972656,10859719,61.67679860537223,40.82804941316391,46.2734489440918,46.13938217163086,45.511910934448245,50.305109194346834
CRAFTSMAN,4646.083898452726,4795.45799368255,4601.121796209635,4640.18896484375,119490,5889.7361336882295,3696.884059203764,4754.98212890625,4655.548510742187,4637.735034179687,4741.623101370676
SUMICHEM,494.04471312652674,518.8941742351565,494.04471312652674,516.4990234375,249683,578.273381731828,445.2939425019146,516.8732940673829,535.585221862793,516.5519494628907,515.7487972804478
ASTRAL,1271.5624843251917,1307.4654250590795,1271.5624843251917,1283.9290771484375,581821,1861.966379927164,1228.977602586137,1343.1788940429688,1321.28056640625,1317.058486328125,1482.1565475463867
CROMPTON,322.6279498532163,331.1520737791837,322.3306090033653,330.40869140625,1268033,415.74900102199473,298.34412991637464,331.79632568359375,331.9524353027344,337.2676226806641,357.1129237583705
KPRMILL,1056.7960758361296,1118.667045337395,1054.8002381102822,1098.908203125,4668547,1188.2932087819308,753.9277303813132,1033.6094604492187,1012.8328002929687,930.1472375488281,952.0471867152622
AMBER,5819.5,6094.5,5776.5,5982.5,483763,8177.0,5235.0,6236.45,6397.752465820313,6396.09396484375,6531.796399797712
SRF,2912.184036189412,3082.9602605338528,2901.1984311146234,3051.701171875,940206,3082.9602605338528,2121.4683268335007,2997.392431640625,2949.567590332031,2914.08458984375,2671.889430454799
PREMIERENE,924.3147274243606,968.2321799145652,923.41536978008,953.9927368164062,899946,1386.2783411603275,773.4765456263332,995.9765991210937,957.1728790283203,933.8706579589843,1059.9549582345146
INDGN,539.1932285469534,554.1431332201591,536.4025918408853,552.0501708984375,163798,692.0809438468623,497.3334662757155,556.0766418457031,558.5932067871094,547.5990466308593,586.1443704877581
UNOMINDA,883.7822412472851,930.1131854363208,883.7822412472851,926.119140625,393998,1131.7501504728932,766.4571445792504,897.3919616699219,873.7222534179688,881.0912683105469,959.9792175292969
FIRSTCRY,321.1000061035156,328.6000061035156,313.45001220703125,326.5,282786,664.6500244140625,286.04998779296875,337.2199981689453,338.2199996948242,362.2669995117187,461.4022336687361
UCOBANK,29.80154515497627,30.206269525630105,29.33759144997792,30.048328399658203,10208030,51.33091482492428,26.465033636854685,30.645543098449707,29.999464511871338,33.448605918884276,38.878143838473726
RITES,213.0275069268133,218.9590598043629,211.51285882660724,217.6398468017578,602564,300.70115687036946,188.0114250805385,224.61306610107422,223.45997848510743,218.15520538330077,242.471768787929
KSB,709.8499755859375,737.5499877929688,690.0,731.8499755859375,88496,853.3156581212103,579.0711716472771,736.9007751464844,724.1204132080078,692.2898315429687,718.8410121372768
NEULANDLAB,11941.11119063443,12132.952320966771,11740.27750731776,12085.9912109375,16295,18085.023749408418,10182.267882797636,12330.688671875,12197.156787109376,11720.5699609375,13269.769967215401
BATAINDIA,1189.4456557079525,1205.821002657624,1185.674315223938,1203.538330078125,68136,1467.8265429621165,1131.6853841649984,1203.8063110351563,1206.8605590820312,1223.6949072265625,1296.2074726649694
CASTROLIND,193.76336276598937,196.20261307976224,193.10437241948227,195.4649353027344,1654920,237.83597438665703,153.49130496220798,199.9765808105469,199.19218368530272,205.9875439453125,194.79321929386683
IRCTC,722.6689247107956,738.6819879862398,719.4961108945546,735.211669921875,989272,848.8980680342039,650.4367291948804,751.8592590332031,743.0570495605468,718.43787109375,752.9439217703683
BAYERCROP,4569.925225281468,4591.459509665366,4491.973409071976,4557.453125,37087,6186.450842386598,4109.473590301135,4656.47119140625,4682.906665039062,4693.78673828125,5026.943219866072
RPOWER,37.5,39.65999984741211,37.40999984741211,39.11000061035156,42652974,48.5,31.270000457763672,40.99500007629395,41.128000259399414,38.56380012512207,40.02508933203561
CLEAN,1146.0817334128858,1185.7461759788466,1144.1881827398463,1175.8798828125,69477,1551.5105505141414,1102.6800369000027,1184.9089965820312,1179.82138671875,1207.3871435546876,1306.8425434657506
TTML,54.880001068115234,55.88999938964844,54.54999923706055,55.61000061035156,2206583,88.9000015258789,50.09999847412109,57.984000015258786,58.021500205993654,59.62740020751953,68.30044661249433
IDEA,6.769999980926514,6.980000019073486,6.75,6.920000076293945,404491490,10.470000267028809,6.610000133514404,7.321999979019165,7.392999982833862,7.486600036621094,7.975982159376144
NAM-INDIA,613.8521045773895,649.236584957984,613.8521045773895,639.7062377929688,915984,797.861096619416,486.8296113706241,630.7036926269532,598.0805816650391,560.0725817871094,614.7885341644287
KIRLOSENG,718.3567262209275,725.8240518573197,708.8483437311052,717.7095336914062,133709,1184.7888804730746,542.028301183777,738.2546691894531,733.24658203125,687.9316491699219,843.7604310171945
RKFORGE,585.0241416595472,597.2038373415514,580.0324680958992,584.275390625,553627,1018.3013849104168,580.0324680958992,622.03740234375,676.8459777832031,702.3244750976562,798.6789087568011
JBCHEPHARM,1494.573482065596,1541.8890240830256,1490.290131728667,1530.8321533203125,72217,1934.7909439108848,1380.3686984924757,1569.2921997070312,1574.7832885742187,1588.0052514648437,1687.4576546805245
SJVN,87.71098573855572,91.99686649251568,87.71098573855572,91.54833984375,5306267,122.57167693746972,80.27548594662575,95.05976867675781,93.96088981628418,91.06059143066406,97.58019535882133
SONACOMS,489.3611115837659,511.0883341069425,488.3644494420474,509.44384765625,2188022,696.4351375537291,378.731609613082,484.18345642089844,458.63152770996095,479.7971459960938,534.8950108119419
ASHOKLEY,106.65307713492876,110.75230012493034,106.59939649701116,110.56686401367188,7529564,116.2423354775081,93.62827437193552,110.24038696289062,106.62379570007325,104.4240737915039,105.81615121023995
LTF,160.09350070650862,166.62873200520016,160.09350070650862,165.60513305664062,5537154,179.26613624487243,127.16144617683844,167.1661178588867,161.87691116333008,149.50662231445312,144.46599415370397
PPLPHARMA,203.2483122532585,214.86078319070532,202.00910968850496,213.5016632080078,3541202,283.71616438817085,181.6123278031588,214.00434265136718,216.87898178100585,212.68819702148437,229.18731130872453
JWL,332.1291383231149,344.14941739129586,330.6827010585929,341.7553405761719,1437384,586.5503176199617,269.3841836031686,361.7209808349609,368.8982406616211,340.4166339111328,403.0155230930873
AWL,255.5,264.5,254.6999969482422,261.6499938964844,1618598,337.04998779296875,231.5500030517578,271.6999969482422,274.4649993896484,263.1164004516602,277.78901849474227
PERSISTENT,5310.681511635004,5503.162550460461,5296.220500946045,5489.2001953125,411265,6748.287564402237,4137.794052749045,5333.071240234375,5002.495092773437,5221.233818359375,5716.236550467355
MSUMI,36.45241867572723,37.97016681132399,36.38614255757415,37.85749816894531,4796176,43.461539408148816,30.25238377956384,37.22521324157715,36.03686389923096,34.5100386428833,36.625364082200186
GESHIP,851.0703226064901,868.3720501066924,849.8449852553032,855.33447265625,337423,1102.1849176300318,781.7652398834222,879.3951904296875,872.672998046875,877.1258801269531,924.527339390346
EMAMILTD,606.2721072749483,626.4318991360137,601.9838652179062,625.7418212890625,238276,727.6862132456006,500.4948442985444,623.3068603515625,611.0409393310547,573.2613195800782,577.8015376499721
APOLLOTYRE,468.1899548657333,493.7167824412188,467.99206031001296,489.51177978515625,2421760,551.10269790742,366.97304489796346,467.1213684082031,446.51438293457034,422.19215270996096,452.7643737792969
NUVAMA,5599.317096002547,5879.969863169868,5563.990174261206,5850.53076171875,61276,7505.007984691575,4646.9137485148585,5963.57685546875,5775.235375976563,5617.332880859375,5942.107914515904
TATAINVEST,582.1651726653166,587.693463424663,576.6368819059702,581.9659423828125,269920,738.2027704051387,512.503621603498,601.5740112304687,609.1405670166016,610.1432824707031,624.8715460641043
CONCORDBIO,1377.9129524767402,1423.9196152206632,1366.2871395173845,1387.750244140625,230750,2436.164502451807,1343.035403404008,1513.0611572265625,1585.3352600097655,1625.7336328125,1903.6150305611748
APARINDS,5417.922922840727,5754.430612635513,5403.011208374192,5734.05126953125,85759,11710.567042092627,4282.693656429393,5554.9615234375,5267.0162353515625,5580.911826171875,7621.569318498884
AJANTPHARM,2472.9606393438776,2483.739874656099,2444.8757662968765,2470.191650390625,68546,3081.3364764706143,2301.484197514311,2628.3675048828127,2585.139892578125,2581.4527587890625,2704.699255807059
VENTIVE,758.0999755859375,780.0,754.5,762.0,74913,810.4000244140625,523.4000244140625,742.8699951171875,733.8399963378906,704.5839978027344,704.5948261830998
SBFC,93.5,98.30999755859376,93.0,97.22000122070312,1891557,109.9000015258789,79.23999786376953,102.45000076293945,98.37500038146973,91.37800048828124,88.95723240716117
WOCKPHARMA,1206.0,1283.9000244140625,1206.0,1251.5999755859375,393368,1679.9000244140625,1110.050048828125,1340.7199829101562,1338.6225036621095,1339.6490014648436,1387.3352682931084
HINDPETRO,379.9773980034839,390.68235088936376,378.6272303943294,382.8224182128906,8825404,406.49869679820887,277.3160027780957,376.9925811767579,371.34595947265626,341.42803955078125,352.73371287754605
TATACHEM,795.7793887191046,818.7630791386316,795.7793887191046,816.736572265625,711923,1132.6263557887642,747.3406277921812,830.6800109863282,826.305697631836,821.3866906738281,920.7514517647879
ABSLAMC,613.6865653514266,631.4484875375877,613.1512864263827,630.3779296875,194991,887.4634766342635,541.5683389721936,636.3975341796875,627.4825073242188,617.8852270507813,691.0009346008301
ENGINERSIN,169.29230901949597,174.77697717950724,168.99530194730312,173.88597106933594,2119628,207.04556002485617,140.77991219451025,177.83117065429687,173.0731674194336,164.77348754882811,171.81819534301758
HONAUT,34245.41180530895,35252.62979958274,34245.41180530895,35103.04296875,7124,43612.09313050865,30939.54399954985,34490.23671875,34168.93642578125,33966.04328125,37389.1884765625
BIKAJI,673.9510191680895,692.7273546195155,669.1570702593972,689.4315185546875,159345,862.9129965296961,558.0969866154221,711.0543090820313,706.9694610595703,680.1272717285157,709.370722089495
SKFINDIA,3868.7866222584944,3960.321364740176,3842.064026799184,3920.337158203125,22733,5194.94303082499,3530.7663158911523,3893.9536376953124,3866.246435546875,3796.8162060546874,4135.577161516462
ANANTRAJ,430.4818458651283,454.9523916277632,429.7826752224115,448.4102783203125,1328210,946.7604208434648,375.6977701532794,461.2548065185547,459.3745681762695,482.8388226318359,627.0929551805768
ACC,1832.9013062425188,1846.5461781286976,1813.877998621681,1837.4827880859373,599385,2305.5930054785927,1771.2999054117104,1912.4800415039062,1962.2292175292969,1913.5327758789062,1995.1432233537946
GRANULES,438.65897217121017,453.3141818203933,438.65897217121017,452.4667663574219,932735,626.0859718672677,420.7138311311148,458.83228759765626,457.4988616943359,478.67761657714846,532.3221708025251
MGL,1321.0575940001563,1404.3266703153138,1300.0429627402843,1391.007568359375,891615,1404.3266703153138,1097.2941427342062,1329.9863525390624,1302.674786376953,1304.2804736328126,1273.1717594691686
SAILIFE,695.0,723.6500244140625,695.0,718.9500122070312,127463,808.7999877929688,636.0999755859375,707.2299987792969,704.8899993896484,711.4960009765625,711.1340429427776
PHOENIXLTD,1487.612360303015,1532.9396337771211,1450.6716506847524,1524.1536865234375,1143333,1898.9520949764856,1446.7279689316265,1599.5626342773437,1584.9286376953125,1589.5297436523438,1625.9139981951032
FORTIS,678.9969540271227,685.3894182237698,662.3166692015759,681.9434814453125,1678787,743.6205495232858,576.3184376890612,675.3712768554688,664.2918762207031,644.0273376464844,657.4711009434292
FINCABLES,866.8305103013089,896.0550817914674,863.8585199802759,887.535400390625,328345,1330.2133142905045,772.7175168832962,872.9429321289062,872.9974151611328,861.0866687011719,988.2416452680316
RCF,129.81965658947786,135.76559505922495,129.81965658947786,135.24037170410156,2312931,187.1880486741416,109.80166459890496,137.02316284179688,132.89172592163087,126.86769622802734,148.07289109911238
ICICIPRULI,582.4280905072276,596.4594817805935,582.4280905072276,591.2164306640625,548882,703.7673028790726,525.1040473004957,602.3666564941407,587.0769256591797,572.687998046875,611.4806562151227
TEJASNET,682.5465992849864,697.3433880961495,678.8100303107985,688.2261962890625,2272911,1397.675926603708,644.2343045872556,757.1533996582032,798.6392791748046,766.7877709960937,957.1514669145856
HSCL,415.4741920212817,429.4065719501358,415.4741920212817,424.8623046875,877651,605.8332749179034,364.8882081499087,446.33013610839845,443.95064849853526,433.8409405517578,486.2216993059431
PAYTM,808.0,892.4000244140625,808.0,873.5,16913521,1062.949951171875,651.5,866.8399963378906,852.8900024414063,785.122001953125,842.1946427481515
USHAMART,292.9569683288257,307.3419199589156,291.7665077384964,303.27447509765625,978029,421.0326254024328,276.3398714507075,296.62266845703124,301.9723815917969,310.2040399169922,336.7358545575823
BSE,2116.6573927899494,2275.323713128435,2110.8424808540904,2210.528076171875,32617395,2275.323713128435,1223.4745819281572,2142.21025390625,2031.030908203125,1762.728779296875,1772.2508959089007
BANDHANBNK,153.59686701366482,158.52187744304604,153.59686701366482,158.11558532714844,6481234,177.657064727509,126.99983993801509,163.28535003662108,158.55506439208983,148.5626480102539,152.85347243717737
TATATECH,629.9639510611662,649.7026118626756,629.1763250233817,647.487548828125,1117034,958.7284506068625,587.7300539745784,667.2262084960937,651.7749145507812,664.7492736816406,763.734394618443
CRISIL,4563.000142447242,4690.181181911987,4552.948946189484,4677.64208984375,72513,6861.817362368298,3923.182297472066,4582.29755859375,4467.0762939453125,4399.032490234375,4983.714891706194
PGHH,14079.886384605634,14079.886384605634,13797.293611939343,13859.9814453125,5150,15983.24450362799,12045.615609161669,14148.44462890625,14020.163427734375,13723.64119140625,14290.646998814174
M&MFIN,244.18728112896957,249.55142916409963,243.71257789478912,247.79502868652344,1839445,296.8261649172327,232.18205102251085,254.86621704101563,257.3872444152832,265.2335202026367,267.16938155038014
VGUARD,359.60870080468106,370.36706528926806,359.60870080468106,368.6238098144531,396888,448.2656953162641,298.84379967142706,361.46152954101564,358.62998352050784,344.89262939453124,376.61299433026994
LICHSGFIN,573.3530612931347,590.5502133416456,570.5523462578906,589.9114379882812,909587,637.6704687558188,475.329321666055,592.75146484375,580.8141784667969,550.3442645263672,566.5746735164097
HOMEFIRST,1121.5289399318735,1156.620285641604,1116.843489926963,1148.944091796875,117967,1315.727947462782,875.6898447222137,1217.4520874023438,1159.9002075195312,1057.5240490722656,1037.3190422058105
JKTYRE,312.23401613771085,325.07031556765924,311.09412022395475,323.9303894042969,1501259,420.2768936527642,240.86623900707792,310.3160125732422,299.15736389160156,285.55436737060546,325.10570675986156
UNIONBANK,113.16645127220974,118.00262440350076,113.02136460238808,114.58828735351562,12872742,128.5358091529112,97.50691716335714,121.32604141235352,120.06476707458496,116.47168365478515,114.53577763693673
ARE&M,912.8771335023324,938.09746600971,911.0474472510432,932.1138305664062,457061,1345.0844510421523,823.171870506895,966.423388671875,973.6013000488281,987.66583984375,1071.671670096261
COCHINSHIP,1464.586291259134,1529.346909580116,1438.084277931929,1452.23193359375,3200758,1723.9498707188322,1175.853549233308,1508.5737670898438,1460.8850646972655,1386.9224584960937,1439.779081072126
IGL,201.0858252323128,205.74307467069173,198.94090612663337,204.14431762695312,2844584,225.11681358964785,153.9672017285315,190.9600357055664,185.78741378784179,189.72253936767578,191.1363766533988
MUTHOOTFIN,2225.0,2340.60009765625,2221.699951171875,2308.39990234375,1555943,2405.9554517852694,1872.089083461632,2176.780517578125,2163.8190002441406,2204.688723144531,2143.780174255371
BANKINDIA,103.64953768736802,106.92085188081006,103.49513581565697,105.36721801757812,10750031,117.39098625758416,86.89731327296997,111.232421875,109.85200462341308,102.34506088256836,102.01654699870518
CENTRALBK,33.585391253694915,34.767282659310084,33.38841248370006,34.2846794128418,9367405,60.9658598793844,32.65957850320529,36.31457633972168,35.76942901611328,40.02295448303223,47.04698657989502
IOB,34.72999954223633,35.7599983215332,34.56999969482422,35.279998779296875,7958252,59.93999862670898,33.5,37.46599998474121,36.92750015258789,40.57180007934571,46.80883938925607
KALYANKJIL,495.05136544436886,524.6647221348125,492.2096747836031,521.57373046875,6551428,793.0792521873154,398.2346481121215,516.0299713134766,511.71509857177733,481.23279357910155,565.3514464242118
HEXT,670.5908736898139,683.4868520300025,668.7557009908809,680.8580322265625,175287,832.5757481311028,580.2473080551629,689.7860290527344,667.0031219482422,716.5577218191964,716.5577218191964
KAYNES,5498.0,5867.0,5490.0,5842.0,599704,7822.0,3825.14990234375,5789.2400390625,5521.7875,4881.852983398438,5510.734817504883
PRESTIGE,1330.4686389771878,1344.6522648849857,1302.8005336202964,1335.462890625,666927,1897.8154917519928,1046.845138133256,1334.9135131835938,1250.3008850097656,1205.0319775390626,1396.2727584838867
APTUS,310.42611820807906,320.67672817646724,308.10986723425754,315.6007080078125,616197,336.89043712530884,264.1012225916538,320.5436767578125,314.41056060791016,304.02934692382814,301.18138476780484
LTTS,3998.5816488763776,4051.284072562298,3997.101241009337,4030.8544921875,81438,5571.268390640905,3914.198378661407,4184.481420898437,4178.2760009765625,4424.132802734375,4802.496909005301
GILLETTE,7898.399179790476,7958.623913595672,7809.306391764609,7929.755859375,12332,10511.926832648418,7313.570657872517,8051.9970703125,7959.198706054687,7997.91130859375,8681.406332833427
ZENSARTECH,685.228435808535,695.7400664467356,676.6908157884361,690.5582885742188,485588,972.1508806207764,528.8867611330298,702.6984252929688,674.6156463623047,695.5830944824219,745.9222755432129
HONASA,250.6999969482422,251.9900054931641,240.25,248.4499969482422,233091,287.8500061035156,197.50999450683597,243.49699859619142,236.39299926757812,228.34219909667968,235.9399106161935
IFCI,39.650001525878906,40.900001525878906,39.630001068115234,40.709999084472656,5623148,68.4000015258789,36.20000076293945,43.15400009155273,42.902499771118165,43.21319984436035,51.456071444920134
CARBORUNIV,969.4549547144278,985.3133471509436,954.4942301046372,958.782958984375,157980,1461.9165237391055,806.9814745278544,1019.0248107910156,1003.5703796386719,966.2304138183594,1122.2612233843122
NMDC,62.201025049532525,65.09065598752558,62.13198980627442,64.83423614501953,16952789,78.95749845721288,56.908884985540496,64.93286018371582,64.25483322143555,64.12935852050781,65.1937151976994
OIL,385.42984553837664,403.8612923763604,384.4415638831501,402.0823974609375,2358373,513.5677109022025,321.1915507250603,399.73522033691404,382.2796920776367,377.50480407714844,410.0669070652553
IEX,185.5796067060069,196.29757632509185,185.2124219555748,194.9677581787109,9443756,199.82060116915196,149.8530424518223,190.95545959472656,185.96316680908203,173.46512420654298,173.15688705444336
MANYAVAR,727.243226822925,754.5519279186408,717.4476816521651,733.3778076171875,473467,1496.0432456284382,717.4476816521651,772.3867309570312,776.4063659667969,788.9283068847657,1008.4686911446707
ASAHIINDIA,701.4331913497932,752.7113657376779,701.4331913497932,750.1175537109375,143764,801.9942330690291,575.4326197346509,724.2090759277344,687.8454833984375,650.1909594726562,672.8764969961984
AIIL,1794.5820668427075,1794.5820668427075,1725.198200964199,1778.48583984375,52464,1986.2431478777676,1324.3285954301746,1789.3233276367187,1736.8580505371094,1623.9301391601562,1685.8702239990234
SONATSOFTW,378.6927433123341,399.92234576770375,364.9819802640508,390.3887023925781,15475979,675.3173588475181,281.4887429071631,375.27244873046874,343.99073791503906,357.9192205810547,478.79008538382396
RVNL,327.4883289611648,340.7688910334454,327.3390846025898,338.18243408203125,6171128,499.1908801663753,303.4141588113088,354.73094177246094,354.54441223144534,350.2563250732422,388.7493844713484
MINDACORP,470.13638235214177,483.1125457716276,466.6926960292449,481.9147338867188,105839,597.1456808473479,452.818205130192,497.7706329345703,499.35771484375,512.3338793945312,522.133617401123
MCX,5927.3621784453935,6193.84442764441,5927.3621784453935,6033.955078125,595724,7021.78219792426,4391.378466106268,6131.333154296875,5789.055346679687,5385.2057421875,5757.300476074219
KFINTECH,1012.4216844127116,1115.6306470055454,1010.5342963684895,1095.96240234375,3198151,1630.4338440004492,778.9348892752705,1172.7382690429688,1119.5543548583985,1014.1649499511718,1132.723762512207
ZFCVINDIA,11983.913251776285,12463.229838798416,11982.91467555332,12407.3095703125,6226,15128.329928734283,9547.387315786316,12473.0158203125,12685.725048828124,12046.1734765625,11794.71471296038
NHPC,79.6001465965499,83.29785683302097,79.53056635376373,82.91019439697266,14705116,90.94176741398692,69.24115466409813,85.40912246704102,85.00505867004395,80.78181884765625,79.20451961244855
CCL,662.6362488246822,800.1841990831248,662.6362488246822,768.1211547851562,12975856,839.4551737179866,521.9565192358624,632.9294555664062,612.607943725586,589.3018493652344,648.4218036106655
EXIDEIND,359.11757095164694,374.6362310589195,358.7196628172953,374.0890808105469,2882915,470.036177547368,326.2896726147736,368.09054565429693,368.37654876708984,359.58911071777345,385.1285602024623
RHIM,432.7305885413011,443.2752940119119,432.7305885413011,441.534423828125,122365,576.6757273877971,374.48606414670303,446.1949890136719,458.90831604003904,439.31606323242187,471.7847112928118
JBMA,660.1175038995955,685.4836169331805,650.8798535046313,665.010986328125,1196200,897.6250026489795,489.1460740311562,675.711669921875,658.8342315673829,602.7382202148438,691.2613639831543
GICRE,397.5335464561796,406.3892568579016,395.1006606149545,399.7717895507813,624207,511.3926047745817,341.57717801041684,411.4253326416016,404.97088928222655,394.5128875732422,403.71482685634066
POLYCAB,5866.670333096319,6024.288308822358,5793.579347507272,5853.74267578125,807608,7552.7351389814685,4529.65245570749,5605.631201171875,5379.409619140625,5240.85841796875,6016.290305001395
IREDA,157.02999877929688,163.0,156.5500030517578,162.3699951171875,12392991,234.2899932861328,137.00999450683594,167.9929992675781,165.83699951171874,160.28919921875,183.73089245387487
TORNTPOWER,1404.3042104975568,1499.4656718301055,1404.3042104975568,1496.575927734375,511125,1695.0435346169245,1202.9704790719366,1527.7251220703124,1543.0082763671876,1437.3267456054687,1449.6700722830635
ASTRAZEN,8152.135638079665,8233.856313180218,8084.865570161525,8161.10498046875,10554,9179.623667061613,6272.958763433599,8586.650341796874,8486.313354492188,7972.98494140625,7374.95232282366
ENDURANCE,1863.6676024626263,2072.7449128624744,1863.6676024626263,2014.6734619140625,1071959,2481.6860942067847,1668.435769457352,1904.7858520507812,1892.068408203125,1885.0704516601563,2022.705346243722
JINDALSAW,220.94668751029087,224.7117013525101,216.1908813473977,217.5185394287109,2031462,339.6436065570408,215.6459478996944,247.10162353515625,250.25581436157228,253.7936361694336,265.8986748286656
CAMS,3510.28986698099,3628.156453105853,3510.28986698099,3601.952880859375,806007,5282.100103945544,2997.144760927484,3840.11865234375,3784.3569458007814,3575.754248046875,4043.3070242745534
ASTERDM,509.15140027197725,536.4059630409928,507.65389615353024,534.1098022460938,1232117,536.4059630409928,386.45589915551216,513.1846740722656,503.0465744018555,458.6046447753906,471.06119537353516
DABUR,466.1394522444514,478.4011087420232,466.1394522444514,474.8063354492188,1520898,543.3533812740819,426.7445988768322,476.68251037597656,469.4436981201172,483.0733312988281,498.3218765258789
RRKABEL,1174.5276187417032,1233.2042737000102,1163.886307843689,1224.552001953125,1378882,1511.6697877431166,848.8722070318513,1051.2023071289063,985.0592895507813,962.3379895019531,1171.2342621939522
ATUL,6805.753195317624,6872.031673385812,6710.571320798646,6839.1416015625,42398,7587.640282184004,4736.170337848527,6626.452685546875,6087.31708984375,5809.583818359375,6338.627607073103
JMFINANCIL,94.5773528081291,98.0766160672943,93.75113158901468,97.64892578125,2313550,144.5001990360116,77.95583589971378,99.30524368286133,96.70460929870606,94.05887313842773,108.183602809906
NSLNISP,34.0,34.869998931884766,33.84000015258789,34.72999954223633,4271529,49.5,32.130001068115234,35.570000076293944,35.361999893188475,35.46259979248047,39.50562497547695
GODFRYPHLP,2806.881457823621,2853.036507080034,2721.4948460897094,2779.1884765625,250332,2963.4784576362463,1355.7856702517645,2732.819140625,2537.496228027344,2189.930205078125,1921.5749391828265
IRCON,151.1201149534764,156.06134624157886,150.2352675187909,154.50042724609375,4579556,233.85482432549048,133.46293036371864,156.7751922607422,155.3241424560547,153.15527099609375,180.40536063058036
BHARATFORG,1086.8554099515395,1139.1128582037963,1083.5706074588602,1135.6290283203125,1768753,1385.2989926399189,914.8537033202958,1108.6542236328125,1067.6545166015626,1083.2929345703126,1172.5228718348912
BLUEDART,6560.570054807215,6690.009136173877,6427.148232475423,6627.77880859375,12946,7870.891770546712,5341.851324003666,6426.799658203125,6318.095703125,6130.342314453125,6544.661193847656
AEGISLOG,771.7580353940787,786.1552016462266,761.9125302298231,781.8013916015625,358909,1026.1081576073832,603.4445922889223,774.6275512695313,774.7017639160156,765.4064233398437,774.5983935764858
NCC,202.23207653244512,212.8758700341528,201.9845464510101,212.08377075195312,3940907,323.2247875354514,168.36997020868964,213.71351623535156,211.88674392700196,199.26567932128907,233.91416549682617
NLCINDIA,216.4749129146564,224.08011044640887,215.093052998121,221.2567443847656,1291063,272.613375575028,184.9406582109277,230.4555633544922,232.85642013549804,231.1960009765625,232.59423773629325
WAAREEENER,2554.766833010072,2640.518778555743,2528.8814512911345,2627.426025390625,1474922,3443.51836100044,1861.9556090323688,2698.60615234375,2474.1695556640625,2335.6427880859374,2498.420364379883
SUNDRMFAST,906.378734555128,978.1459480112944,906.378734555128,956.4315185546876,319223,1188.8385799451255,824.1060387603821,920.4779663085938,903.9439575195313,919.0595654296875,999.3386748177664
GODREJPROP,2075.0,2139.0,2066.699951171875,2128.0,691597,3015.89990234375,1900.0,2141.739990234375,2072.772497558594,2059.3690014648437,2337.9111524309433
CGCL,160.82872205478532,164.82446670210916,160.0795199334121,162.50692749023438,945507,231.10388238016256,150.9292582470722,164.43787078857423,162.681241607666,164.97190460205078,177.69851643698556
CDSL,1226.202278767063,1282.0470052632102,1226.202278767063,1256.3564453125,5075138,1973.707641734152,1038.978785448007,1311.903515625,1258.5956604003907,1197.858388671875,1416.6583502633232
GRAPHITE,445.641685819827,456.288421647436,442.15820554687775,451.6274108886719,272406,602.8895026012435,358.89784025832853,455.3954711914063,457.51745758056643,439.8433966064453,478.0287088666643
GLENMARK,1381.6111125240604,1438.371911104103,1381.6111125240604,1431.5885009765625,617241,1653.9432741233545,1272.379168711591,1395.0481689453125,1394.4621215820312,1405.8057983398437,1462.6872852870397
INDIACEM,303.1000061035156,317.79998779296875,303.1000061035156,315.0,721161,382.0,238.8500061035156,302.48000183105466,292.05,281.1040017700195,312.1165178843907
MFSL,1261.0,1295.0,1254.0,1289.800048828125,818393,1315.4000244140625,950.0,1279.3,1232.1550048828126,1136.3970031738281,1120.1120567321777
TITAGARH,684.1844729214005,703.161852462286,680.1892351233192,697.5185546875,2119570,1368.368898766063,653.7706981164794,754.4407348632812,763.46748046875,757.9655358886719,937.7322562081473
CERA,5230.079882324354,5414.816605440546,5159.255883917878,5350.43115234375,26627,7939.172308134158,5012.209356787698,5399.76044921875,5456.085302734375,5470.09013671875,6336.754481724331
BALRAMCHIN,545.8150881160686,565.7143255213504,542.341403661113,554.3504028320312,491932,608.7880260646625,415.8992412130849,562.4341613769532,553.8243804931641,513.4611596679688,513.5585269927979
ALKYLAMINE,1647.3365210240463,1704.1720951221107,1643.8527277771675,1692.2276611328125,38438,2080.3222339842728,1501.017149134494,1751.7706665039063,1756.7848388671875,1688.4253588867186,1762.4820959908623
DELHIVERY,298.0,308.79998779296875,298.0,304.5,2823501,402.8500061035156,236.52999877929688,304.725,285.114998626709,268.3711990356445,305.7755357197353
MANAPPURAM,225.70727151934045,229.88243046598535,225.3692858566212,229.32574462890625,3879614,246.1357434202396,147.55611004701865,228.73226165771484,227.98818893432616,218.60911224365233,197.9606830051967
IKS,1464.699951171875,1481.300048828125,1448.199951171875,1455.800048828125,50864,2189.0,1236.800048828125,1475.4800048828124,1433.2650085449218,1563.092001953125,1687.4725774949598
AFCONS,408.531824215346,428.31231280027305,408.1342323997602,427.1195373535156,886216,566.5769675509807,395.6098821415983,421.50843200683596,428.6900405883789,442.5811193847656,472.8384050641741
JUBLPHARMA,855.2948974228366,894.975298257224,836.4255237498228,877.9978637695312,95730,1259.6170443027404,798.5872566798726,901.4178100585938,900.1756164550782,903.5895263671875,980.9352220807757
MAHABANK,47.68691334418011,49.67588858199103,47.589887905053935,49.43333053588867,11441530,58.06839671624364,40.749750518617816,49.26159858703613,47.42349376678467,46.454134674072264,48.9432760647365
DEEPAKFERT,1197.822034599448,1264.941347146336,1196.5312296418308,1255.012451171875,362707,1432.8389671391965,882.5796045023061,1278.2957641601563,1239.7840515136718,1140.889775390625,1172.9359899248395
WELCORP,751.0486022634035,763.3820962447628,743.2904641108562,756.3699340820312,315106,895.171178583789,660.7357860357555,763.4069519042969,769.4617919921875,785.0004724121094,776.1640287126813
NIVABUPA,79.81999969482422,81.4800033569336,79.3499984741211,81.02999877929688,1574722,109.33999633789062,68.54000091552734,83.19100036621094,79.02450065612793,75.94260025024414,78.72294637135097
NEWGEN,1034.9298525782312,1084.5866072998615,1026.8195606884672,1076.8743896484375,824771,1790.1300895750917,754.5036319437182,1037.96494140625,974.473486328125,971.7911303710938,1173.133098602295
RADICO,2536.221785507279,2661.140721388213,2421.4882736834584,2442.35791015625,985972,2661.140721388213,1842.827461398725,2474.6111572265627,2428.1435791015624,2288.4871264648436,2318.7497275216238
SCHAEFFLER,3530.0,3674.89990234375,3513.60009765625,3621.39990234375,127298,3748.2752636610057,2799.306987709412,3414.07001953125,3266.1662719726564,3264.3086328125,3307.356704711914
INDIAMART,2115.6976025698423,2233.236358268167,2110.898199032112,2225.6943359375,111669,2398.7703456974555,1861.1282881135185,2224.6953857421877,2144.9673583984377,2051.9819213867186,2137.3920931134903
SCHNEIDER,562.0,580.0,551.0,567.6500244140625,515171,879.2999877929688,551.0,591.6349975585938,597.8475006103515,622.4560021972657,691.7571432931082
SOBHA,1217.3963752303905,1284.763363292899,1211.8073128310205,1276.87890625,162934,1715.4628466772924,1073.1810982020554,1288.086669921875,1231.4834411621093,1219.9152905273438,1344.0805119105748
POLICYBZR,1570.0999755859375,1645.0,1558.4000244140625,1640.199951171875,901838,2246.89990234375,1311.3499755859375,1625.7300048828124,1602.1649963378907,1542.2980004882813,1730.6866073608398
NIACL,162.52407768170733,165.89347324359483,161.83038037443248,164.66464233398438,443797,219.80390295970895,134.37967482044198,168.95467834472657,164.69783782958984,156.9201693725586,174.55508954184396
PNBHOUSING,1029.7526032069943,1058.506105982962,1019.3058376672132,1054.6258544921875,3123222,1082.4838715737226,742.9142491644864,1016.4354370117187,990.9876220703125,888.803828125,881.3867498125348
KPITTECH,1206.074305141149,1279.8119920766155,1206.074305141149,1276.7271728515625,1379368,1552.9551397535245,1015.6100283950328,1237.1814697265625,1179.7685485839843,1238.723896484375,1330.9411675589424
DEVYANI,175.10000610351562,183.5,173.02000427246094,183.0399932861328,2069644,209.75,134.0,177.72799835205078,167.7394989013672,163.08620025634767,169.87062508719308
TARIL,463.65768706653415,500.4424170431395,463.4077907202123,491.696044921875,951878,648.6309960120674,355.8524066930956,508.35914001464846,518.5574142456055,468.5096704101563,489.3657678876604
CHOICEIN,619.9500122070312,624.5,610.2999877929688,622.4500122070312,611005,638.0,438.4500122070313,618.410009765625,572.040007019043,523.0350030517578,526.9825924464634
BSOFT,375.0906271021458,385.03398044362393,373.66310482382266,383.65570068359375,893607,614.6661205450433,325.86610907391946,386.48607177734374,374.05688629150393,397.23866577148436,481.13728414263045
J&KBANK,89.15337234610655,90.62293342873468,88.4185918047925,89.98612213134766,3990595,114.03794767312566,84.85245680936406,94.7230110168457,95.28095626831055,94.16928146362305,95.4224534034729
STARHEALTH,360.0,361.7999877929688,348.29998779296875,356.8999938964844,2062437,499.2000122070313,327.29998779296875,385.5849975585937,378.6849960327148,369.61199768066405,419.32812527247836
MRPL,125.75,131.66000366210938,125.5999984741211,130.99000549316406,2354687,163.4199981689453,98.91999816894533,134.98199996948242,135.11500053405763,126.14899978637695,133.97339289528983
HEG,436.4449689997759,448.20306330685344,432.45917019612494,445.76177978515625,667398,617.3006002129836,330.0739537269469,464.00677795410155,465.0480651855469,429.50768981933595,445.271114894322
KEI,3200.0,3371.39990234375,3199.89990234375,3295.300048828125,1765212,4701.574442129246,2424.0,3080.4400146484377,2896.25751953125,3048.9650048828125,3658.56209891183
LATENTVIEW,386.0,403.3999938964844,382.25,398.7999877929688,218596,520.25,341.20001220703125,403.7099975585937,390.2474990844727,380.75000000000006,424.4919640677316
ABREL,1840.548954684015,1901.094741977087,1840.548954684015,1892.4024658203125,60806,2977.3292756889077,1636.5319456197094,1920.7570556640626,1884.1823669433593,1916.6267553710939,2165.2430136544363
KIRLOSBROS,1702.3401705947897,1768.911069651307,1692.5738613420194,1740.3095703125,71236,2401.1346521425985,1417.4707612677305,1738.94423828125,1691.7317626953125,1677.1260400390624,1886.2558332170759
JSWINFRA,279.3344303106676,291.25390896647207,279.3344303106676,290.20660400390625,1958734,337.1862470407042,217.64248127678616,294.3360198974609,296.6600677490234,283.83093322753905,290.15539414542064
MMTC,52.0,54.27999877929688,52.0,53.88999938964844,1495839,85.87999725341797,44.5,56.70299949645996,54.3504997253418,53.56159996032715,63.93874985831125
FACT,761.6495595404954,799.684543435425,748.7046537914166,793.7368774414062,703235,1083.5725020138054,564.7771937681857,765.8478698730469,716.7772277832031,683.2164721679687,821.3344650268555
DIXON,15922.914213580498,16237.774099159777,15742.99427896377,16087.8408203125,381301,19140.38174412316,12196.772627526258,16409.19736328125,15414.727490234374,14403.4740625,15552.092790876117
SAGILITY,38.71130437312827,41.38862843851501,38.71130437312827,41.05895614624024,4491839,56.343680389338,27.732279060963844,41.31570053100586,41.154361724853516,42.44836822509765,44.173343777656555
CHOLAHLDNG,1852.2235678236063,1901.589572393765,1831.5378718897812,1865.4144287109373,111959,1998.622670799944,1356.4152502024224,1899.1412109375,1839.799609375,1712.8136206054687,1590.4039797101702
WELSPUNLIV,122.728334822007,137.1553435297634,120.55440592743722,133.38059997558594,110616133,178.55885328156933,103.55820888908916,126.52184219360352,125.40770301818847,123.7004769897461,138.0377015386309
ANGELONE,2246.276582389802,2384.1720347220858,2239.4364351090194,2355.125732421875,1133248,3440.8775200660034,1914.6359703311964,2352.2210693359375,2323.395361328125,2232.7024560546874,2478.884096418108
HFCL,75.34196578509643,77.83838622354855,75.34196578509643,77.5987319946289,10562494,135.73536515239738,71.4974764861197,80.6263916015625,80.26940307617187,81.42684402465821,97.36262573514666
PRAJIND,439.30764651370544,459.1011587608013,439.0608444651023,457.0280456542969,812767,863.8071738496072,438.3697835305236,481.89580688476565,492.47620849609376,512.453843383789,635.1058428628104
ZENTEC,1318.1428070987656,1388.0443195964274,1314.148434956042,1382.8516845703125,379215,2623.303808810841,944.019949398915,1410.1431640625,1434.4938659667969,1317.5476342773438,1709.6804253714424
IGIL,322.5361877781787,343.2809303623534,320.30290144108346,339.3602600097656,1527476,633.6217748655405,279.90520906993333,345.7027984619141,347.8417907714844,356.4636517333984,431.9013632069463
CYIENT,1109.585388456746,1155.7571534848614,1109.585388456746,1152.438232421875,297801,2061.620836827603,1058.1914599370573,1168.2909057617187,1156.8382690429687,1216.33291015625,1485.7726233346123
JSL,568.5276978749902,597.4029326004575,566.6325811977389,593.8121948242188,617710,760.7790478131136,495.3173213112517,575.3949279785156,560.7279022216796,591.5869860839844,634.0484281267438
ABFRL,256.54998779296875,265.95001220703125,256.45001220703125,264.70001220703125,3046456,325.29998779296875,231.3000030517578,265.64500122070314,262.2199996948242,254.17859985351564,270.5444646562849
OFSS,7882.674609294874,8152.220766424427,7860.252185604451,8140.2939453125,173152,12613.80522280202,6715.2773170976125,8255.936376953125,7815.102001953125,7623.506640625,9249.1359601702
RAILTEL,297.26109483103653,308.90084911579373,294.12732417295734,306.0655212402344,3028918,457.3024249053824,263.25625150799215,308.02537536621094,303.5783981323242,299.246044921875,349.10029329572404
DATAPATTNS,2173.4787324913486,2283.049879485393,2114.6552255110782,2151.743896484375,968132,2693.917372710386,1347.1082525516426,2258.234521484375,2029.0247314453125,1772.00935546875,2053.4033551897323
ACMESOLAR,206.3500061035156,217.0399932861328,206.22999572753903,216.33999633789065,592796,292.1204664293183,167.58963280956382,215.39368591308593,208.11125564575195,201.1868408203125,218.79400743756975
SUZLON,52.400001525878906,55.18000030517578,52.400001525878906,54.70000076293945,100831859,70.18000030517578,46.150001525878906,57.17700042724609,55.99400024414062,55.16500007629394,57.88053573880877
SUPREMEIND,3352.1350067960016,3445.753896220024,3352.0357372927565,3426.613525390625,216529,5114.0862037501975,3069.3937128531525,3482.021337890625,3382.9255615234374,3411.05736328125,3934.9070914132253
ONESOURCE,1611.0,1648.699951171875,1580.4000244140625,1633.4000244140625,128370,1800.0,1209.949951171875,1603.4800048828124,1560.4475036621093,1518.4269970703126,1522.0727916044348
IDBI,74.40814018887674,76.99284340839661,74.40814018887674,76.25855255126953,4632491,86.27427752130754,64.50989440150485,79.2720817565918,78.79772911071777,75.0558805847168,76.15950931821551
SWIGGY,322.04998779296875,338.75,322.04998779296875,328.79998779296875,12816563,617.2999877929688,303.0,328.92999877929685,332.6324996948242,343.18400024414063,419.0058035169329
BRIGADE,987.5591468343362,1020.3747420695069,985.4645602782724,1015.3875732421876,79780,1337.0599286758418,849.813578590405,1017.5470336914062,987.3746643066406,975.6209045410156,1088.454961504255
NBCC,90.52687229435938,95.60035482807574,90.32791517136177,95.40139770507812,16423887,103.97679192926172,70.43189730126409,96.06492614746094,93.07306251525878,85.0023439025879,88.9699991771153
NAVA,418.4761726089728,442.9939470649435,418.4761726089728,433.3443908691406,769394,552.8316630914537,350.5845675137573,456.8381378173828,463.70115051269534,445.93806701660156,453.0778309958322
COFORGE,1469.738756681743,1512.440625963713,1457.027454080315,1509.46142578125,2994720,1987.1301755656343,1185.7317297155182,1471.6951171875,1385.6061889648438,1462.7879443359375,1625.9719096592494
NATIONALUM,147.98608932118054,154.60652260408668,147.88872410955207,154.10025024414062,7899927,246.6689118205731,134.11240440715244,154.57342681884765,150.86160430908203,168.15952331542968,187.92912564958846
SARDAEN,427.4272088832144,442.8884031368663,427.4272088832144,432.2151794433594,556677,562.0394027798515,395.6070785075816,461.0877349853516,466.0727233886719,486.6276330566406,471.15095928737094
CENTURYPLY,703.8081404137882,706.354900929694,690.4250751363749,700.5123291015625,52112,895.9645955724384,649.1773603917954,713.3310852050781,709.6332702636719,715.3475219726563,755.626407623291
THERMAX,3168.2170799363857,3236.9398018840784,3131.9634514191,3230.067626953125,48077,4968.951883767522,2938.1952228728974,3338.8487548828125,3315.6025146484376,3341.07974609375,3743.0128043038503
SAPPHIRE,306.0,319.70001220703125,299.0,310.75,856996,374.6499938964844,275.79998779296875,322.3,312.8424987792969,311.07799926757815,316.1437495095389
HUDCO,210.13544386105784,220.2381095759112,205.01019206726772,211.1309356689453,19360060,254.97009129982476,155.65936301095368,220.95760650634764,217.60302734375,198.11430297851564,209.9121321269444
ITI,245.0,255.25,240.1000061035156,249.1499938964844,219128,592.7000122070312,234.0399932861328,261.48900299072267,259.16800155639646,257.4130014038086,306.8174123764038
LINDEINDIA,6160.541862236912,6259.358071627944,6067.215442256492,6177.01123046875,25717,7086.819375750178,5232.667726220825,6364.113427734375,6228.8026123046875,6167.601875,6236.208443777902
ECLERX,2375.505855583008,2444.088552868886,2363.408784056476,2428.192626953125,41350,3876.030367962014,2167.457718471513,2533.3762451171874,2522.8288696289064,2674.7478662109374,3062.9882158551895
SCI,161.13276785841535,165.94671292155346,158.41893085671913,161.70814514160156,3008060,233.02542571425369,132.58475548500468,168.69890594482422,166.2415916442871,157.85737518310546,180.43314456939697
BBTC,1796.0,1807.9000244140625,1750.0,1770.5999755859375,114082,2545.4574869692024,1603.3230971303797,1893.3299926757813,1866.4199951171875,1800.69763671875,2002.6939915248327
MAHSCOOTER,10910.189970827048,11150.972021558036,10649.671686429583,11120.380859375,7426,12605.532861076865,8705.652876084368,11325.73671875,10976.025390625,10192.836328125,9712.67178780692
BDL,1523.3848081268695,1561.369468696962,1427.2236899131024,1447.3155517578125,3852128,1575.363803102825,906.6338600806966,1484.0306518554687,1418.0622985839843,1252.6321118164062,1214.4884779793877
BEML,1517.8833468196965,1567.0014109549772,1511.015747845615,1556.7000732421875,566682,2259.960523800567,1169.4783430349844,1569.663818359375,1537.1013122558593,1421.9547241210937,1685.5260805402484
ELGIEQUIP,438.25145884233496,462.6540968915104,431.8270787076024,455.5823059082031,336741,671.2219560084654,399.4064411664058,456.14008178710935,444.9696533203125,457.81739318847656,521.2666710444859
SAREGAMA,514.4146321803937,532.963236706129,514.3651813109061,528.8577880859375,182633,592.1304629836458,412.91665368103753,537.1527282714844,529.7852294921875,504.75153747558596,501.0665885380336
RELINFRA,233.0,242.0,233.0,240.5,2890404,328.45001220703125,198.1300048828125,254.3800018310547,254.1599998474121,243.90900146484375,264.0120538984026
INDIANB,545.0636027228918,555.1068021047117,538.2868608757852,544.3810424804688,1857497,599.813745097099,462.0852104752413,556.3548950195312,548.2837585449219,525.4949383544922,526.143773487636
GPIL,178.12379393105212,181.30812687512295,175.83504940796774,178.07403564453125,1361340,252.15959703721617,145.03654831446417,188.22012634277345,189.21572875976562,181.00103607177735,188.93889277321952
SWANCORP,390.9199380053505,407.7164857969565,390.9199380053505,403.2174072265625,1652235,809.6342008226046,362.125841609236,415.4949096679687,415.6223876953125,422.7154351806641,544.0845647539411
VMM,123.0999984741211,129.3000030517578,117.9000015258789,118.58999633789062,36207055,129.3000030517578,95.98999786376952,115.0259994506836,110.98449974060058,106.12379959106445,107.05914882903403
SAIL,108.60877394822548,112.72715517463428,108.37174681860049,112.2728500366211,14213232,128.4797239838404,97.92270688812772,113.42639389038087,111.51880226135253,110.17494491577149,110.82977676391602
POWERINDIA,14323.846188479223,14895.68036071611,14147.897212406337,14675.744140625,91027,15681.152977824464,8798.448848799595,14255.865625,13344.617431640625,12605.06345703125,12659.472891671317
ELECON,591.125803656007,621.6789576422447,581.4564486621547,614.1527709960938,1547676,670.424386634807,375.7586526109287,557.8213989257813,504.46058349609376,460.87578063964844,525.4429977961948
DBREALTY,163.5,173.99000549316406,163.5,172.1199951171875,1032699,198.5,115.11000061035156,177.23699951171875,177.98049926757812,151.69620025634765,159.71785804203577
LLOYDSME,1224.085205078125,1231.6795052199218,1182.1165694754463,1224.085205078125,529400,1476.8963102540324,907.2720476067278,1242.3016357421875,1236.6833374023438,1198.91306640625,1205.8868053981237
GRSE,1792.406515918096,1933.8074743960797,1762.632627814832,1785.2369384765625,4662211,2035.8749635126296,1179.9013388224423,1806.5365966796876,1725.58203125,1559.0719580078126,1559.6874084472656
TECHNOE,1004.2874445637904,1078.031214330401,1004.2874445637904,1071.77001953125,152615,1709.425492042336,780.3229276139054,1079.0350708007813,1043.4974151611327,997.6286547851563,1187.3785285949707
OBEROIRLTY,1548.4018880414164,1586.3137899393378,1537.3276463181694,1577.83349609375,695940,2332.7370202218035,1446.7772180505094,1622.743212890625,1601.8055114746094,1584.5915356445312,1817.7394321986608
VTL,454.6674796177008,482.3953128923216,449.5766033090435,467.369873046875,2210458,557.4730317420695,356.9527663480734,463.2428314208984,465.81790924072266,422.3884893798828,453.7932387760707
REDINGTON,238.68800065444947,248.12790946379167,238.5119265072582,246.68991088867188,2068031,258.14500122964085,173.0879405381767,242.0599563598633,227.00794143676757,230.76551696777344,216.92798560006278
FORCEMOT,9803.356623999429,10376.591064761533,9802.8577254435,10268.330078125,133573,10575.153334312708,6111.507490406573,9469.19453125,9096.20302734375,8223.352001953124,7348.241328648159
HBLENGINE,464.80463966970046,481.4351206239365,463.30639759307,478.288818359375,868870,738.7831881511938,404.5253529064352,497.2365783691406,501.46412353515626,476.61977233886716,528.5415867396763
NETWEB,1525.6514503506262,1563.006214010504,1493.6901761043282,1552.5189208984375,575453,3056.2967120981752,1250.035424836856,1496.5167114257813,1488.1044067382813,1503.9606884765626,1995.1530500139509
BHARTIHEXA,1624.8481767301323,1714.5539068210892,1624.8481767301323,1700.630615234375,283068,1722.5101003233492,1227.238677513332,1644.4302490234375,1574.2096252441406,1444.06912109375,1414.7427488054548
SYRMA,449.1685618629041,507.061398725234,445.974462127402,486.6990966796875,5475897,645.904384343164,369.3163916267844,483.2205444335938,476.5928100585937,455.680517578125,507.8367565699986
OLECTRA,1120.7305488093104,1143.5251172624985,1114.7319910101528,1138.3262939453125,455991,1668.3989534718714,989.7120599582494,1186.0748901367188,1178.3442260742188,1150.7963500976562,1310.614847455706
BLUEJET,698.77067269728,740.1977911500474,690.8346221574817,736.8536987304688,298351,966.599472351842,491.13594751230494,724.0911315917969,717.6674285888672,782.6341320800781,683.9890826089041
AIAENG,3102.6730946096422,3120.08204675808,3065.069952265358,3108.741455078125,27101,3754.96168268266,3011.450195807416,3142.78330078125,3135.3571533203126,3198.24623046875,3353.7110443115234
HINDCOPPER,205.1421188990716,211.6087716273869,204.2666439293669,210.9621124267578,3074529,293.88447868731544,182.87694414317647,215.1893096923828,209.83492126464844,215.20045196533204,235.9165483202253
GMDCLTD,286.7134748069224,301.9276438129045,285.682819578791,300.553466796875,885482,367.397625518457,222.4115083210785,304.84776916503904,296.07263031005857,271.45963989257814,296.6577096666609
TIINDIA,2868.53318825349,2973.379477911189,2868.53318825349,2953.48974609375,217410,3820.467437776219,2405.8696918221185,2798.508935546875,2679.2274536132813,2713.5643603515623,3082.430215018136
CHENNPETRO,598.0374171566857,614.2676387051398,595.0097687458502,610.6444091796875,582735,659.6329279035936,429.9277991176937,615.8708312988281,614.5555297851563,570.9998986816406,573.4079698835101
GVT&D,1497.2566922273172,1645.9841903218974,1497.2566922273172,1618.833984375,485028,2238.897904855292,1251.706601482181,1545.5182739257812,1467.8356079101563,1461.9154736328126,1682.1670325142998
JPPOWER,12.520000457763672,13.760000228881836,12.520000457763672,13.6899995803833,30397892,20.350000381469727,12.359999656677246,14.622000026702882,14.829500102996827,14.315800018310547,15.783035704067775
